{"cameraMode":{"drawMode":0,"name":"Shaded","section":"Shading Mode"},"sceneLighting":true,"audioPlay":false,"sceneViewState":{"showFog":true,"showMaterialUpdate":false,"showSkybox":true,"showFlares":true,"showImageEffects":true,"showParticleSystems":true},"in2DMode":false,"pivot":{"x":98.21611022949219,"y":32.649139404296878,"z":4.790901184082031},"rotation":{"x":0.07822930067777634,"y":0.0029861414805054666,"z":-0.000234326915233396,"w":0.9969314932823181},"size":84.0356674194336,"orthographic":false}