{"cameraMode":{"drawMode":0,"name":"Shaded","section":"Shading Mode"},"sceneLighting":true,"audioPlay":false,"sceneViewState":{"showFog":true,"showMaterialUpdate":false,"showSkybox":true,"showFlares":true,"showImageEffects":true,"showParticleSystems":true},"in2DMode":false,"pivot":{"x":159.96934509277345,"y":3.2723262310028078,"z":80.69818115234375},"rotation":{"x":0.04360690340399742,"y":0.2702086567878723,"z":-0.012249484658241272,"w":0.961743175983429},"size":174.79013061523438,"orthographic":false}