{"cameraMode":{"drawMode":0,"name":"Shaded","section":"Shading Mode"},"sceneLighting":true,"audioPlay":false,"sceneViewState":{"showFog":true,"showMaterialUpdate":false,"showSkybox":true,"showFlares":true,"showImageEffects":true,"showParticleSystems":true},"in2DMode":false,"pivot":{"x":114.19278717041016,"y":-1.994140625,"z":44.97107696533203},"rotation":{"x":0.26266664266586306,"y":-0.013030081056058407,"z":0.0035473667085170748,"w":0.9647934436798096},"size":176.42025756835938,"orthographic":false}