{"cameraMode":{"drawMode":0,"name":"Shaded","section":"Shading Mode"},"sceneLighting":true,"audioPlay":false,"sceneViewState":{"showFog":true,"showMaterialUpdate":false,"showSkybox":true,"showFlares":true,"showImageEffects":true,"showParticleSystems":true},"in2DMode":false,"pivot":{"x":142.3554229736328,"y":177.74684143066407,"z":-60.32258224487305},"rotation":{"x":0.046466853469610217,"y":0.03325231373310089,"z":-0.001560373930260539,"w":0.9983808398246765},"size":365.29681396484377,"orthographic":false}