{"cameraMode":{"drawMode":0,"name":"Shaded","section":"Shading Mode"},"sceneLighting":true,"audioPlay":false,"sceneViewState":{"showFog":true,"showMaterialUpdate":false,"showSkybox":true,"showFlares":true,"showImageEffects":true,"showParticleSystems":true},"in2DMode":false,"pivot":{"x":746.6054077148438,"y":106.57611083984375,"z":-214.653076171875},"rotation":{"x":0.016790399327874185,"y":-0.04708031192421913,"z":0.0007940250798128545,"w":0.9987561106681824},"size":316.57623291015627,"orthographic":false}