{"cameraMode":{"drawMode":0,"name":"Shaded","section":"Shading Mode"},"sceneLighting":true,"audioPlay":false,"sceneViewState":{"showFog":true,"showMaterialUpdate":false,"showSkybox":true,"showFlares":true,"showImageEffects":true,"showParticleSystems":true},"in2DMode":false,"pivot":{"x":337.8322448730469,"y":81.01789855957031,"z":-472.2070617675781},"rotation":{"x":-0.02566717378795147,"y":0.0964142382144928,"z":0.0024879889097064735,"w":0.9950090050697327},"size":52.86111831665039,"orthographic":false}