{"cameraMode":{"drawMode":0,"name":"Shaded","section":"Shading Mode"},"sceneLighting":true,"audioPlay":false,"sceneViewState":{"showFog":true,"showMaterialUpdate":false,"showSkybox":true,"showFlares":true,"showImageEffects":true,"showParticleSystems":true},"in2DMode":false,"pivot":{"x":324.16326904296877,"y":84.9827880859375,"z":295.2032470703125},"rotation":{"x":-0.05144123360514641,"y":0.13054586946964265,"z":-0.00678275479003787,"w":-0.9900833964347839},"size":1013.52392578125,"orthographic":false}