{"cameraMode":{"drawMode":0,"name":"Shaded","section":"Shading Mode"},"sceneLighting":true,"audioPlay":false,"sceneViewState":{"showFog":true,"showMaterialUpdate":false,"showSkybox":true,"showFlares":true,"showImageEffects":true,"showParticleSystems":true},"in2DMode":false,"pivot":{"x":419.6270446777344,"y":57.95547103881836,"z":29.461740493774415},"rotation":{"x":0.3271571397781372,"y":0.0113337067887187,"z":-0.003926978446543217,"w":0.9449224472045898},"size":846.6702880859375,"orthographic":false}