{"cameraMode":{"drawMode":0,"name":"Shaded","section":"Shading Mode"},"sceneLighting":true,"audioPlay":false,"sceneViewState":{"showFog":true,"showMaterialUpdate":false,"showSkybox":true,"showFlares":true,"showImageEffects":true,"showParticleSystems":true},"in2DMode":false,"pivot":{"x":88.90869140625,"y":-344.2062683105469,"z":617.6101684570313},"rotation":{"x":0.2318318486213684,"y":0.020710492506623269,"z":-0.004948526620864868,"w":0.9725464582443237},"size":1876.1322021484375,"orthographic":false}