{"cameraMode":{"drawMode":0,"name":"Shaded","section":"Shading Mode"},"sceneLighting":true,"audioPlay":false,"sceneViewState":{"showFog":true,"showMaterialUpdate":false,"showSkybox":true,"showFlares":true,"showImageEffects":true,"showParticleSystems":true},"in2DMode":false,"pivot":{"x":107.2884292602539,"y":31.136215209960939,"z":8.334617614746094},"rotation":{"x":0.3271571397781372,"y":0.0113337067887187,"z":-0.003926978446543217,"w":0.9449224472045898},"size":168.1611785888672,"orthographic":false}