{"cameraMode":{"drawMode":0,"name":"Shaded","section":"Shading Mode"},"sceneLighting":true,"audioPlay":false,"sceneViewState":{"showFog":true,"showMaterialUpdate":false,"showSkybox":true,"showFlares":true,"showImageEffects":true,"showParticleSystems":true},"in2DMode":false,"pivot":{"x":203.09423828125,"y":193.15298461914063,"z":323.8674621582031},"rotation":{"x":0.14396533370018006,"y":-0.2512150704860687,"z":-0.03779027238488197,"w":-0.9564715027809143},"size":650.9122314453125,"orthographic":false}