{"cameraMode":{"drawMode":0,"name":"Shaded","section":"Shading Mode"},"sceneLighting":true,"audioPlay":false,"sceneViewState":{"showFog":true,"showMaterialUpdate":false,"showSkybox":true,"showFlares":true,"showImageEffects":true,"showParticleSystems":true},"in2DMode":false,"pivot":{"x":-40.266414642333987,"y":-56.04352569580078,"z":465.4283447265625},"rotation":{"x":-0.12045971304178238,"y":0.05175907164812088,"z":-0.006250225007534027,"w":-0.9914020895957947},"size":776.2249755859375,"orthographic":false}