{"cameraMode":{"drawMode":0,"name":"Shaded","section":"Shading Mode"},"sceneLighting":true,"audioPlay":false,"sceneViewState":{"showFog":true,"showMaterialUpdate":false,"showSkybox":true,"showFlares":true,"showImageEffects":true,"showParticleSystems":true},"in2DMode":false,"pivot":{"x":114.59845733642578,"y":299.48211669921877,"z":59.621639251708987},"rotation":{"x":0.10353453457355499,"y":0.4064846336841583,"z":-0.04642123728990555,"w":0.9065877795219421},"size":280.4312438964844,"orthographic":false}